{"[64, 32]": [81.7397189435172, 40.414908295129266, 19.729978559249965, 9.376251485467648, 4.188125742733824, 1.5997246336334932, 0.32557320957512337, 0.3263444464514369, 0.6300545237311544, 0.7767516576878307, 0.7954598253522269, 0.46757618132472195, 2.640208832212908, 8.50837744622481, 9.234351437234864, 9.183289456600647], "[128, 64]": [164.4794378870344, 81.78464579271365, 40.45971317015149, 19.73003987749093, 9.393160206580351, 4.2107272184127815, 1.6495704256350023, 0.356048972126089, 0.29132238083295625, 0.5890413159819886, 0.674704672403105, 0.3255210873713993, 1.6560358731224227, 3.7253533334835085, 4.253334072236975, 4.53720398095716], "[256, 128]": [330.13833988257466, 164.52430391416087, 81.87449965601188, 40.43718892348329, 19.802931346092155, 9.455178966071774, 4.283089131536275, 1.7112018720226285, 0.4222157132831662, 0.1739631867390345, 0.4306647640547873, 0.2502276816304244, 0.4139976359225887, 1.5504783742120758, 1.7191156417667215, 1.747097176683615], "[512, 256]": [661.09709417713, 330.183114800066, 164.6812590844076, 81.95293141849987, 40.59457758514894, 19.884786473908743, 9.56044901887449, 4.426004436746803, 1.8437381588413069, 0.5665182016770066, 0.04181609744814707, 0.08892031280723715, 0.11558823344619276, 0.40147250020068076, 0.5300069022418603, 0.5221313808891477], "[1024, 512]": [1323.3733488873058, 661.4556883871415, 330.40729308629955, 164.9843289125242, 82.18905223669901, 40.84872883660597, 20.123642823130645, 9.788006037868154, 4.631706553481019, 2.0763531447395147, 0.8182236003000177, 0.24661494937547293, 0.03377582963301162, 0.018043579573016423, 0.013122578578850764, 0.012271339613625153]}