{"11": [0.68418932399499355, 0.66626321241923747, 0.64513986675636315, 0.64419198955829848, 0.62512801173313026, 0.61686625273758322, 0.60352167294999426, 0.58677657076487044, 0.60101113426130282, 0.58585313187644805, 0.56632231922913967, 0.55760473993983795, 0.54658978798838942, 0.53344863297753009, 0.52964954684743026, 0.52133071851981572, 0.50726500817602926, 0.50435949874516794, 0.48651832053805033, 0.49178564609480652, 0.46576475215791197, 0.46955306268609048, 0.45941974058655416, 0.45922446638604453, 0.43755440852894123, 0.42980233858977474, 0.42627077877443459, 0.42410740852926099, 0.41672613816907972, 0.40242217656035945, 0.40144189518992779, 0.4059517991595058, 0.39265102916444644,0.39168361778069843, 0.37556400991416033, 0.37097230069334369, 0.36491391379442112, 0.35652135898111037, 0.34852571898660123, 0.34813836624105032, 0.33653870977890871, 0.34022762966627973, 0.34353312379477596, 0.33179544451844484, 0.32277618546739167, 0.32078387931544522, 0.31398131742629143, 0.3126929737277101, 0.3023418312864487, 0.3069214303707416, 0.3013021988273305], "10": [0.67183893118475591, 0.65596912498192061, 0.66619735787873713, 0.64676162036511553, 0.63222759853934185, 0.62815156015766582, 0.60701171288401656, 0.59320487986822024, 0.58209266379009805, 0.56844434818828271, 0.55781047885460933, 0.55317937113385096, 0.53923913598688267, 0.53611463811066884, 0.52514006920427325, 0.50250223349293621, 0.49306193366901196, 0.49570200813644238, 0.47994228017632851, 0.46741361154340216, 0.46828106707430411, 0.46935072895114799, 0.46314403362665862, 0.44878253628787323, 0.4471429392799795, 0.43721939462420051, 0.427868817212184, 0.42994249213616376, 0.41629697407313349, 0.39880096853095531, 0.41263924110619371, 0.39786079933205687, 0.38785754791068067, 0.38375513730019989, 0.36377744802338802, 0.383260225716544, 0.36314909387523464, 0.35769790142119717, 0.35186466671124411, 0.35684685713676301, 0.34839969309386132, 0.33454111628923405, 0.34291053145832551, 0.32475424451548845, 0.34238393774332981, 0.3184381358485856, 0.3154839573632649, 0.31627546225394354, 0.3051852358482961, 0.30976325054424053, 0.28124731571467443], "1": [0.69346010677047354, 1.6802789292757856, 1.6977692928992918, 2.2688735439962371, 1.0957867214909249, 1.1445102106629039, 1.2760677517810977, 1.2668768282613987, 0.90519877343714017, 0.5812774920500221, 0.60242821066290397, 0.57242005482425851, 0.73642831167729061, 0.7146108253833553, 1.3826038527954843, 0.85060425973107556, 0.97097754399623748, 0.57131103029017261,1.0075236969568391, 0.81062246751593636, 0.83399103029017252, 0.91172959594245229, 0.89157913130455946, 2.0035262683652055, 1.5936757517810969, 1.1135018008492692, 0.80752728426516152, 0.93088698122200086, 0.57684877343714036, 0.90619185279548475, 0.85148856853032318, 0.92435615871668853, 0.94185369695683918, 0.76211651946215142, 1.048498568530323, 0.82147323807503325, 0.71450205482425844, 1.168096314555334, 0.97928415871668884, 1.3020964155697208, 0.75569446751593616, 0.77197421066290384, 1.041185033168216, 0.67806467242275337, 0.82956231167729078, 1.3563576478886672, 0.40331610677047358, 0.87064595380987153, 0.86787708223638793, 2.3724019133758301, 1.3771796632853774], "0": [5.4787380000000017, 3.2280180000000001, 1.7331119999999995, 1.506644666666666, 1.2419713333333329, 1.5086379999999981, 1.2821706666666661, 1.4557033333333327, 2.8594686666666647, 15.468661333333335, 1.4174973333333332, 2.3830566666666657, 1.7733113333333321, 0.83521599999999985, 0.75481733333333334, 0.53233666666666679, 0.51760799999999985, 2.8849393333333335, 15.218716666666673, 1.7733113333333326, 3.6260246666666656, 0.99402000000000001, 3.0035439999999993, 2.3790699999999991, 0.75481733333333334, 5.849280666666667, 1.4047619999999996, 7.464784666666672, 55.963681333333327, 28.558252666666661, 1.4684386666666651, 1.5086379999999986, 1.7203766666666656, 1.3900333333333323, 1.127353333333333, 2.7790699999999995, 1.8919159999999988, 2.1418606666666657, 2.9908086666666658, 1.8537099999999993, 0.68715399999999982, 1.7860466666666652, 14.134552666666668, 1.6017719999999991, 2.3448506666666655, 1.8262459999999991, 3.5710966666666661, 0.99202666666666639, 4.038759999999999, 1.8771873333333329, 1.5870433333333325], "3": [0.64239479918335129, 0.7559438087690421, 0.88771625001173049, 0.70406650348002364, 0.67056847924541141,0.84333720702441695, 0.67764374367386249, 0.6574308631446073, 0.6303342100845799, 0.51111760596232503, 0.64273740895172715, 0.54282471128942789, 0.70900454104788535, 0.72123964520274164, 0.75658823752095528, 0.55609937763847672, 0.65773557126933824, 0.54629244006787792, 0.55302498171622538, 0.52661269724614301, 0.45449976849697987, 0.44266952578342061, 0.54136603763678182, 0.74911667407926441, 0.45098732177093426, 0.5830924641975026, 0.51190305835556926, 0.49580773681063828, 0.58136088765610094, 0.50146306801468654, 0.67832891163471598, 0.67655220146513895, 0.45457555366570607, 0.46251030751729727, 0.39730306168904883, 0.53226064055397593, 0.34731165698369532, 0.48412172667726439, 0.34501163739391855, 0.61709597838494168, 0.6031160837259516, 0.33238880464555354, 0.47924542179674501, 0.50728476673936462, 0.55327492144543278, 0.43059272962926903, 0.35118133812942126, 0.66251857671179881, 0.42317837025143329, 0.6408114374233207, 0.48803050400919173], "2": [1.1100251189915735, 0.60692320917508602, 0.69607683757763728, 0.53087614266724636, 1.0239667155650252, 0.76071936967017961, 0.59864473525095296, 0.76410741394017967, 0.54380601134522588, 0.79198006109612962, 0.81387045768519828, 0.73747516838952765, 0.82455788739963765, 0.80222961726474717,0.70198798340445923, 0.46899028568680756, 0.522413665838246, 0.5307903215026385, 0.65126714812672093, 0.44955232092417163, 0.75069978764597067, 0.54866358498922041, 0.59476967677148496, 0.83416208256490065, 0.6333608478973356, 0.57257376805907634, 0.52598689471544058, 0.63822389143984926, 0.57248339237491452, 0.47698704373961748, 0.46742410921764432, 0.42967378595961259, 0.5518757304878521, 0.87273604203183919, 0.75880202137180464, 0.65847148702046387, 0.58078207517196545, 0.47720758055812212, 0.60612029276170531, 0.50656822902402621, 0.44342043839717032, 0.34209972405274619, 0.55239397688422587, 0.68013922495772194, 0.54744604775659922, 0.62094908953372374, 0.48381680815088957, 0.62386419209935051, 0.64108927822112383, 0.71716539259639922, 0.48567907751039685], "5": [0.67019630150987386, 0.69138259982518269, 0.68921634509402263, 0.66494538249849089, 0.59476417013762972, 0.5718286174437246, 0.71036778493077257, 0.59440931882147274, 0.59887640080788873, 0.63578072011014752, 0.54700784030809901, 0.56922569844927517, 0.55696237920774183, 0.49946391187251299, 0.58260491681411242, 0.58102555986844284, 0.5840618169706242, 0.48445331602460406, 0.40673578970098051, 0.50934443888692982, 0.5741127071054184, 0.50203126087861505, 0.52908246208269272, 0.57076848450435647, 0.45856181904777676, 0.46574606356852488, 0.42722336191747251, 0.4234744787035859, 0.44317986335321646, 0.44083013143634875, 0.44988138991612575, 0.47216106177215555, 0.33048787309745792, 0.38345304489701881, 0.40278432046494722, 0.41181719530279831, 0.36029611431595326, 0.36961610038326836, 0.36767425110059637, 0.29062081920044397, 0.37505676095321611, 0.36673179960421021, 0.33691776241892613, 0.3455526953180223, 0.34698648451812736, 0.30705839794525536, 0.32328965817554506, 0.3635237365708332, 0.32307322977760833, 0.34544054286521675, 0.28043272885773635],